﻿Designator,Quantity,Value,Footprint,Package,MPN,DNP,Mount_Type,Description,Sim.Device,Sim.Pins
A1,1,RaspberryPi_Pico,RaspberryPi_Pico_SMD_HandSolder,,,,smt,"Versatile and inexpensive microcontroller module powered by RP2040 dual-core Arm Cortex-M0+ processor up to 133 MHz, 264kB SRAM, 2MB QSPI flash; also supports Raspberry Pi Pico 2",,
"D1, D10, D100, D11, D12, D13, D14, D15, D16, D17, D18, D19, D2, D20, D21, D22, D23, D24, D25, D26, D27, D28, D29, D3, D30, D31, D32, D33, D34, D35, D36, D37, D38, D39, D4, D40, D41, D42, D43, D44, D45, D46, D47, D48, D49, D5, D50, D51, D52, D53, D54, D55, D56, D57, D58, D59, D6, D60, D61, D62, D63, D64, D65, D66, D67, D68, D69, D7, D70, D71, D72, D73, D74, D75, D76, D77, D78, D79, D8, D80, D81, D82, D83, D84, D85, D86, D87, D88, D89, D9, D90, D91, D92, D93, D94, D95, D96, D97, D98, D99",100,D,D_DO-35_SOD27_P7.62mm_Horizontal,,,,tht,Diode,D,1=K 2=A
"LED1, LED10, LED100, LED11, LED12, LED13, LED14, LED15, LED16, LED17, LED18, LED19, LED2, LED20, LED21, LED22, LED23, LED24, LED25, LED26, LED27, LED28, LED29, LED3, LED30, LED31, LED32, LED33, LED34, LED35, LED36, LED37, LED38, LED39, LED4, LED40, LED41, LED42, LED43, LED44, LED45, LED46, LED47, LED48, LED49, LED5, LED50, LED51, LED52, LED53, LED54, LED55, LED56, LED57, LED58, LED59, LED6, LED60, LED61, LED62, LED63, LED64, LED65, LED66, LED67, LED68, LED69, LED7, LED70, LED71, LED72, LED73, LED74, LED75, LED76, LED77, LED78, LED79, LED8, LED80, LED81, LED82, LED83, LED84, LED85, LED86, LED87, LED88, LED89, LED9, LED90, LED91, LED92, LED93, LED94, LED95, LED96, LED97, LED98, LED99",100,MX_SK6812MINI-E,LED_MX_6028R,,,,smt,Reverse mount adressable LED (WS2812 protocol),,
S1,1,MX_stab,STAB_MX_P_6.25u,,,,tht,Cherry MX-style stabilizer,,
"S2, S3, S4",3,MX_stab,STAB_MX_2u,,,,tht,Cherry MX-style stabilizer,,
"SW1, SW10, SW100, SW11, SW12, SW13, SW14, SW15, SW16, SW17, SW18, SW19, SW2, SW20, SW21, SW22, SW23, SW24, SW25, SW26, SW27, SW28, SW29, SW3, SW30, SW31, SW32, SW33, SW34, SW35, SW36, SW37, SW38, SW39, SW4, SW40, SW41, SW42, SW43, SW44, SW45, SW46, SW47, SW48, SW49, SW5, SW50, SW51, SW52, SW53, SW54, SW55, SW56, SW57, SW58, SW59, SW6, SW60, SW61, SW62, SW63, SW64, SW65, SW66, SW67, SW68, SW69, SW7, SW70, SW71, SW72, SW73, SW74, SW75, SW76, SW77, SW78, SW79, SW8, SW80, SW81, SW82, SW83, SW84, SW85, SW86, SW87, SW88, SW89, SW9, SW90, SW91, SW92, SW93, SW94, SW95, SW96, SW97, SW98, SW99",100,SW_Push_45deg,SW_Cherry_MX_1.00u_PCB,,,,tht,"Push button switch, normally open, two pins, 45° tilted",,
SW101,1,RotaryEncoder_Switch,RotaryEncoder_Alps_EC11E-Switch_Vertical_H20mm,,,,tht,"Rotary encoder, dual channel, incremental quadrate outputs, with switch",,
