﻿pos_x,pos_y,rotation,side,designator,mpn,pack,footprint,value,mount_type
408.87,-47.1675,0.0,top,A1,,,RaspberryPi_Pico_SMD_HandSolder,RaspberryPi_Pico,smt
33.02,-35.07,-90.0,bottom,D1,,,D_DO-35_SOD27_P7.62mm_Horizontal,D,tht
204.47,-35.07,-90.0,bottom,D10,,,D_DO-35_SOD27_P7.62mm_Horizontal,D,tht
356.87,-130.32,-90.0,bottom,D100,,,D_DO-35_SOD27_P7.62mm_Horizontal,D,tht
223.52,-35.07,-90.0,bottom,D11,,,D_DO-35_SOD27_P7.62mm_Horizontal,D,tht
242.57,-35.07,-90.0,bottom,D12,,,D_DO-35_SOD27_P7.62mm_Horizontal,D,tht
261.62,-35.07,-90.0,bottom,D13,,,D_DO-35_SOD27_P7.62mm_Horizontal,D,tht
280.67,-35.07,-90.0,bottom,D14,,,D_DO-35_SOD27_P7.62mm_Horizontal,D,tht
299.72,-35.07,-90.0,bottom,D15,,,D_DO-35_SOD27_P7.62mm_Horizontal,D,tht
318.77,-35.07,-90.0,bottom,D16,,,D_DO-35_SOD27_P7.62mm_Horizontal,D,tht
337.82,-35.07,-90.0,bottom,D17,,,D_DO-35_SOD27_P7.62mm_Horizontal,D,tht
356.87,-35.07,-90.0,bottom,D18,,,D_DO-35_SOD27_P7.62mm_Horizontal,D,tht
33.02,-54.12,-90.0,bottom,D19,,,D_DO-35_SOD27_P7.62mm_Horizontal,D,tht
52.07,-35.07,-90.0,bottom,D2,,,D_DO-35_SOD27_P7.62mm_Horizontal,D,tht
52.07,-54.12,-90.0,bottom,D20,,,D_DO-35_SOD27_P7.62mm_Horizontal,D,tht
71.12,-54.12,-90.0,bottom,D21,,,D_DO-35_SOD27_P7.62mm_Horizontal,D,tht
90.17,-54.12,-90.0,bottom,D22,,,D_DO-35_SOD27_P7.62mm_Horizontal,D,tht
109.22,-54.12,-90.0,bottom,D23,,,D_DO-35_SOD27_P7.62mm_Horizontal,D,tht
128.27,-54.12,-90.0,bottom,D24,,,D_DO-35_SOD27_P7.62mm_Horizontal,D,tht
147.32,-54.12,-90.0,bottom,D25,,,D_DO-35_SOD27_P7.62mm_Horizontal,D,tht
166.5,-49.12,-90.0,bottom,D26,,,D_DO-35_SOD27_P7.62mm_Horizontal,D,tht
185.42,-54.12,-90.0,bottom,D27,,,D_DO-35_SOD27_P7.62mm_Horizontal,D,tht
204.47,-54.12,-90.0,bottom,D28,,,D_DO-35_SOD27_P7.62mm_Horizontal,D,tht
223.52,-54.12,-90.0,bottom,D29,,,D_DO-35_SOD27_P7.62mm_Horizontal,D,tht
71.12,-35.07,-90.0,bottom,D3,,,D_DO-35_SOD27_P7.62mm_Horizontal,D,tht
242.57,-54.12,-90.0,bottom,D30,,,D_DO-35_SOD27_P7.62mm_Horizontal,D,tht
261.62,-54.12,-90.0,bottom,D31,,,D_DO-35_SOD27_P7.62mm_Horizontal,D,tht
290.195,-54.12,-90.0,bottom,D32,,,D_DO-35_SOD27_P7.62mm_Horizontal,D,tht
318.77,-54.12,-90.0,bottom,D33,,,D_DO-35_SOD27_P7.62mm_Horizontal,D,tht
337.82,-54.12,-90.0,bottom,D34,,,D_DO-35_SOD27_P7.62mm_Horizontal,D,tht
356.91,-50.1,-90.0,bottom,D35,,,D_DO-35_SOD27_P7.62mm_Horizontal,D,tht
375.92,-54.12,-90.0,bottom,D36,,,D_DO-35_SOD27_P7.62mm_Horizontal,D,tht
37.7825,-73.17,-90.0,bottom,D37,,,D_DO-35_SOD27_P7.62mm_Horizontal,D,tht
61.595,-73.17,-90.0,bottom,D38,,,D_DO-35_SOD27_P7.62mm_Horizontal,D,tht
80.645,-73.17,-90.0,bottom,D39,,,D_DO-35_SOD27_P7.62mm_Horizontal,D,tht
90.17,-35.07,-90.0,bottom,D4,,,D_DO-35_SOD27_P7.62mm_Horizontal,D,tht
99.695,-73.17,-90.0,bottom,D40,,,D_DO-35_SOD27_P7.62mm_Horizontal,D,tht
118.745,-73.17,-90.0,bottom,D41,,,D_DO-35_SOD27_P7.62mm_Horizontal,D,tht
137.795,-73.17,-90.0,bottom,D42,,,D_DO-35_SOD27_P7.62mm_Horizontal,D,tht
156.845,-73.17,-90.0,bottom,D43,,,D_DO-35_SOD27_P7.62mm_Horizontal,D,tht
175.895,-73.17,-90.0,bottom,D44,,,D_DO-35_SOD27_P7.62mm_Horizontal,D,tht
194.945,-73.17,-90.0,bottom,D45,,,D_DO-35_SOD27_P7.62mm_Horizontal,D,tht
213.995,-73.17,-90.0,bottom,D46,,,D_DO-35_SOD27_P7.62mm_Horizontal,D,tht
233.045,-73.17,-90.0,bottom,D47,,,D_DO-35_SOD27_P7.62mm_Horizontal,D,tht
252.095,-73.17,-90.0,bottom,D48,,,D_DO-35_SOD27_P7.62mm_Horizontal,D,tht
271.145,-73.17,-90.0,bottom,D49,,,D_DO-35_SOD27_P7.62mm_Horizontal,D,tht
109.22,-35.07,-90.0,bottom,D5,,,D_DO-35_SOD27_P7.62mm_Horizontal,D,tht
294.15,-72.05,-90.0,bottom,D50,,,D_DO-35_SOD27_P7.62mm_Horizontal,D,tht
318.77,-73.17,-90.0,bottom,D51,,,D_DO-35_SOD27_P7.62mm_Horizontal,D,tht
337.82,-73.17,-90.0,bottom,D52,,,D_DO-35_SOD27_P7.62mm_Horizontal,D,tht
356.87,-73.17,-90.0,bottom,D53,,,D_DO-35_SOD27_P7.62mm_Horizontal,D,tht
375.92,-73.17,-90.0,bottom,D54,,,D_DO-35_SOD27_P7.62mm_Horizontal,D,tht
39.11,-91.11,-90.0,bottom,D55,,,D_DO-35_SOD27_P7.62mm_Horizontal,D,tht
66.45,-90.93,-90.0,bottom,D56,,,D_DO-35_SOD27_P7.62mm_Horizontal,D,tht
85.4075,-92.22,-90.0,bottom,D57,,,D_DO-35_SOD27_P7.62mm_Horizontal,D,tht
104.4575,-92.22,-90.0,bottom,D58,,,D_DO-35_SOD27_P7.62mm_Horizontal,D,tht
123.5075,-92.22,-90.0,bottom,D59,,,D_DO-35_SOD27_P7.62mm_Horizontal,D,tht
128.27,-35.07,-90.0,bottom,D6,,,D_DO-35_SOD27_P7.62mm_Horizontal,D,tht
142.5575,-92.22,-90.0,bottom,D60,,,D_DO-35_SOD27_P7.62mm_Horizontal,D,tht
161.6075,-92.22,-90.0,bottom,D61,,,D_DO-35_SOD27_P7.62mm_Horizontal,D,tht
180.6575,-92.22,-90.0,bottom,D62,,,D_DO-35_SOD27_P7.62mm_Horizontal,D,tht
199.7075,-92.22,-90.0,bottom,D63,,,D_DO-35_SOD27_P7.62mm_Horizontal,D,tht
218.7575,-92.22,-90.0,bottom,D64,,,D_DO-35_SOD27_P7.62mm_Horizontal,D,tht
237.8,-91.55,-90.0,bottom,D65,,,D_DO-35_SOD27_P7.62mm_Horizontal,D,tht
256.8575,-92.22,-90.0,bottom,D66,,,D_DO-35_SOD27_P7.62mm_Horizontal,D,tht
287.8138,-92.22,-90.0,bottom,D67,,,D_DO-35_SOD27_P7.62mm_Horizontal,D,tht
318.77,-92.22,-90.0,bottom,D68,,,D_DO-35_SOD27_P7.62mm_Horizontal,D,tht
337.82,-92.22,-90.0,bottom,D69,,,D_DO-35_SOD27_P7.62mm_Horizontal,D,tht
147.32,-35.07,-90.0,bottom,D7,,,D_DO-35_SOD27_P7.62mm_Horizontal,D,tht
356.87,-92.22,-90.0,bottom,D70,,,D_DO-35_SOD27_P7.62mm_Horizontal,D,tht
375.92,-92.22,-90.0,bottom,D71,,,D_DO-35_SOD27_P7.62mm_Horizontal,D,tht
44.9263,-111.27,-90.0,bottom,D72,,,D_DO-35_SOD27_P7.62mm_Horizontal,D,tht
75.8825,-111.27,-90.0,bottom,D73,,,D_DO-35_SOD27_P7.62mm_Horizontal,D,tht
94.9325,-111.27,-90.0,bottom,D74,,,D_DO-35_SOD27_P7.62mm_Horizontal,D,tht
113.7,-110.13,-90.0,bottom,D75,,,D_DO-35_SOD27_P7.62mm_Horizontal,D,tht
133.0325,-111.27,-90.0,bottom,D76,,,D_DO-35_SOD27_P7.62mm_Horizontal,D,tht
152.0825,-111.27,-90.0,bottom,D77,,,D_DO-35_SOD27_P7.62mm_Horizontal,D,tht
171.1325,-111.27,-90.0,bottom,D78,,,D_DO-35_SOD27_P7.62mm_Horizontal,D,tht
190.1825,-111.27,-90.0,bottom,D79,,,D_DO-35_SOD27_P7.62mm_Horizontal,D,tht
166.37,-35.07,-90.0,bottom,D8,,,D_DO-35_SOD27_P7.62mm_Horizontal,D,tht
208.76,-110.12,-90.0,bottom,D80,,,D_DO-35_SOD27_P7.62mm_Horizontal,D,tht
228.2825,-111.27,-90.0,bottom,D81,,,D_DO-35_SOD27_P7.62mm_Horizontal,D,tht
247.3325,-111.27,-90.0,bottom,D82,,,D_DO-35_SOD27_P7.62mm_Horizontal,D,tht
273.5263,-111.27,-90.0,bottom,D83,,,D_DO-35_SOD27_P7.62mm_Horizontal,D,tht
299.72,-111.27,-90.0,bottom,D84,,,D_DO-35_SOD27_P7.62mm_Horizontal,D,tht
318.77,-111.27,-90.0,bottom,D85,,,D_DO-35_SOD27_P7.62mm_Horizontal,D,tht
337.82,-111.27,-90.0,bottom,D86,,,D_DO-35_SOD27_P7.62mm_Horizontal,D,tht
356.87,-111.27,-90.0,bottom,D87,,,D_DO-35_SOD27_P7.62mm_Horizontal,D,tht
375.92,-111.27,-90.0,bottom,D88,,,D_DO-35_SOD27_P7.62mm_Horizontal,D,tht
35.4013,-130.32,-90.0,bottom,D89,,,D_DO-35_SOD27_P7.62mm_Horizontal,D,tht
185.42,-35.07,-90.0,bottom,D9,,,D_DO-35_SOD27_P7.62mm_Horizontal,D,tht
59.2138,-130.32,-90.0,bottom,D90,,,D_DO-35_SOD27_P7.62mm_Horizontal,D,tht
83.0263,-130.32,-90.0,bottom,D91,,,D_DO-35_SOD27_P7.62mm_Horizontal,D,tht
154.4638,-130.32,-90.0,bottom,D92,,,D_DO-35_SOD27_P7.62mm_Horizontal,D,tht
223.52,-130.32,-90.0,bottom,D93,,,D_DO-35_SOD27_P7.62mm_Horizontal,D,tht
242.57,-130.32,-90.0,bottom,D94,,,D_DO-35_SOD27_P7.62mm_Horizontal,D,tht
261.62,-130.32,-90.0,bottom,D95,,,D_DO-35_SOD27_P7.62mm_Horizontal,D,tht
280.67,-130.32,-90.0,bottom,D96,,,D_DO-35_SOD27_P7.62mm_Horizontal,D,tht
299.72,-130.32,-90.0,bottom,D97,,,D_DO-35_SOD27_P7.62mm_Horizontal,D,tht
318.77,-130.32,-90.0,bottom,D98,,,D_DO-35_SOD27_P7.62mm_Horizontal,D,tht
337.82,-130.32,-90.0,bottom,D99,,,D_DO-35_SOD27_P7.62mm_Horizontal,D,tht
40.625,-27.91,0.0,bottom,LED1,,,LED_MX_6028R,MX_SK6812MINI-E,smt
212.055,-27.97,0.0,bottom,LED10,,,LED_MX_6028R,MX_SK6812MINI-E,smt
364.455,-123.24,0.0,bottom,LED100,,,LED_MX_6028R,MX_SK6812MINI-E,smt
231.125,-27.99,0.0,bottom,LED11,,,LED_MX_6028R,MX_SK6812MINI-E,smt
250.165,-27.99,0.0,bottom,LED12,,,LED_MX_6028R,MX_SK6812MINI-E,smt
269.195,-27.96,0.0,bottom,LED13,,,LED_MX_6028R,MX_SK6812MINI-E,smt
288.255,-27.96,0.0,bottom,LED14,,,LED_MX_6028R,MX_SK6812MINI-E,smt
307.2975,-27.95,0.0,bottom,LED15,,,LED_MX_6028R,MX_SK6812MINI-E,smt
326.355,-27.97,0.0,bottom,LED16,,,LED_MX_6028R,MX_SK6812MINI-E,smt
345.3875,-27.97,0.0,bottom,LED17,,,LED_MX_6028R,MX_SK6812MINI-E,smt
364.4775,-27.95,0.0,bottom,LED18,,,LED_MX_6028R,MX_SK6812MINI-E,smt
40.585,-47.0,0.0,bottom,LED19,,,LED_MX_6028R,MX_SK6812MINI-E,smt
59.655,-27.97,0.0,bottom,LED2,,,LED_MX_6028R,MX_SK6812MINI-E,smt
59.6475,-47.02,0.0,bottom,LED20,,,LED_MX_6028R,MX_SK6812MINI-E,smt
78.705,-47.0,0.0,bottom,LED21,,,LED_MX_6028R,MX_SK6812MINI-E,smt
97.735,-47.02,0.0,bottom,LED22,,,LED_MX_6028R,MX_SK6812MINI-E,smt
116.775,-47.02,0.0,bottom,LED23,,,LED_MX_6028R,MX_SK6812MINI-E,smt
135.8175,-47.0,0.0,bottom,LED24,,,LED_MX_6028R,MX_SK6812MINI-E,smt
154.865,-47.02,0.0,bottom,LED25,,,LED_MX_6028R,MX_SK6812MINI-E,smt
173.945,-47.03,0.0,bottom,LED26,,,LED_MX_6028R,MX_SK6812MINI-E,smt
192.975,-47.03,0.0,bottom,LED27,,,LED_MX_6028R,MX_SK6812MINI-E,smt
212.035,-47.03,0.0,bottom,LED28,,,LED_MX_6028R,MX_SK6812MINI-E,smt
231.105,-47.04,0.0,bottom,LED29,,,LED_MX_6028R,MX_SK6812MINI-E,smt
78.695,-27.98,0.0,bottom,LED3,,,LED_MX_6028R,MX_SK6812MINI-E,smt
250.145,-47.01,0.0,bottom,LED30,,,LED_MX_6028R,MX_SK6812MINI-E,smt
269.205,-47.0,0.0,bottom,LED31,,,LED_MX_6028R,MX_SK6812MINI-E,smt
297.7775,-47.02,0.0,bottom,LED32,,,LED_MX_6028R,MX_SK6812MINI-E,smt
326.3275,-47.02,0.0,bottom,LED33,,,LED_MX_6028R,MX_SK6812MINI-E,smt
345.3575,-47.05,0.0,bottom,LED34,,,LED_MX_6028R,MX_SK6812MINI-E,smt
364.4175,-47.0,0.0,bottom,LED35,,,LED_MX_6028R,MX_SK6812MINI-E,smt
383.5075,-47.03,0.0,bottom,LED36,,,LED_MX_6028R,MX_SK6812MINI-E,smt
45.355,-66.09,0.0,bottom,LED37,,,LED_MX_6028R,MX_SK6812MINI-E,smt
69.185,-66.06,0.0,bottom,LED38,,,LED_MX_6028R,MX_SK6812MINI-E,smt
88.2175,-66.08,0.0,bottom,LED39,,,LED_MX_6028R,MX_SK6812MINI-E,smt
97.735,-27.99,0.0,bottom,LED4,,,LED_MX_6028R,MX_SK6812MINI-E,smt
107.265,-66.09,0.0,bottom,LED40,,,LED_MX_6028R,MX_SK6812MINI-E,smt
126.3175,-66.08,0.0,bottom,LED41,,,LED_MX_6028R,MX_SK6812MINI-E,smt
145.385,-66.09,0.0,bottom,LED42,,,LED_MX_6028R,MX_SK6812MINI-E,smt
164.465,-66.12,0.0,bottom,LED43,,,LED_MX_6028R,MX_SK6812MINI-E,smt
183.535,-66.06,0.0,bottom,LED44,,,LED_MX_6028R,MX_SK6812MINI-E,smt
202.5675,-66.07,0.0,bottom,LED45,,,LED_MX_6028R,MX_SK6812MINI-E,smt
221.585,-66.08,0.0,bottom,LED46,,,LED_MX_6028R,MX_SK6812MINI-E,smt
240.605,-66.08,0.0,bottom,LED47,,,LED_MX_6028R,MX_SK6812MINI-E,smt
259.6775,-66.07,0.0,bottom,LED48,,,LED_MX_6028R,MX_SK6812MINI-E,smt
278.735,-66.08,0.0,bottom,LED49,,,LED_MX_6028R,MX_SK6812MINI-E,smt
116.795,-27.98,0.0,bottom,LED5,,,LED_MX_6028R,MX_SK6812MINI-E,smt
302.555,-66.08,0.0,bottom,LED50,,,LED_MX_6028R,MX_SK6812MINI-E,smt
326.335,-66.08,0.0,bottom,LED51,,,LED_MX_6028R,MX_SK6812MINI-E,smt
345.375,-66.07,0.0,bottom,LED52,,,LED_MX_6028R,MX_SK6812MINI-E,smt
364.455,-66.08,0.0,bottom,LED53,,,LED_MX_6028R,MX_SK6812MINI-E,smt
383.4875,-66.07,0.0,bottom,LED54,,,LED_MX_6028R,MX_SK6812MINI-E,smt
47.725,-85.13,0.0,bottom,LED55,,,LED_MX_6028R,MX_SK6812MINI-E,smt
73.945,-85.13,0.0,bottom,LED56,,,LED_MX_6028R,MX_SK6812MINI-E,smt
92.9875,-85.12,0.0,bottom,LED57,,,LED_MX_6028R,MX_SK6812MINI-E,smt
112.025,-85.13,0.0,bottom,LED58,,,LED_MX_6028R,MX_SK6812MINI-E,smt
131.085,-85.14,0.0,bottom,LED59,,,LED_MX_6028R,MX_SK6812MINI-E,smt
135.835,-27.97,0.0,bottom,LED6,,,LED_MX_6028R,MX_SK6812MINI-E,smt
150.125,-85.07,0.0,bottom,LED60,,,LED_MX_6028R,MX_SK6812MINI-E,smt
169.1775,-85.11,0.0,bottom,LED61,,,LED_MX_6028R,MX_SK6812MINI-E,smt
188.2275,-85.13,0.0,bottom,LED62,,,LED_MX_6028R,MX_SK6812MINI-E,smt
207.295,-85.13,0.0,bottom,LED63,,,LED_MX_6028R,MX_SK6812MINI-E,smt
226.3375,-85.11,0.0,bottom,LED64,,,LED_MX_6028R,MX_SK6812MINI-E,smt
245.3675,-85.13,0.0,bottom,LED65,,,LED_MX_6028R,MX_SK6812MINI-E,smt
264.435,-85.14,0.0,bottom,LED66,,,LED_MX_6028R,MX_SK6812MINI-E,smt
295.405,-85.15,0.0,bottom,LED67,,,LED_MX_6028R,MX_SK6812MINI-E,smt
326.3375,-85.11,0.0,bottom,LED68,,,LED_MX_6028R,MX_SK6812MINI-E,smt
345.3675,-85.13,0.0,bottom,LED69,,,LED_MX_6028R,MX_SK6812MINI-E,smt
154.875,-27.98,0.0,bottom,LED7,,,LED_MX_6028R,MX_SK6812MINI-E,smt
364.445,-85.15,0.0,bottom,LED70,,,LED_MX_6028R,MX_SK6812MINI-E,smt
383.495,-85.13,0.0,bottom,LED71,,,LED_MX_6028R,MX_SK6812MINI-E,smt
52.505,-104.18,0.0,bottom,LED72,,,LED_MX_6028R,MX_SK6812MINI-E,smt
83.465,-104.18,0.0,bottom,LED73,,,LED_MX_6028R,MX_SK6812MINI-E,smt
102.505,-104.16,0.0,bottom,LED74,,,LED_MX_6028R,MX_SK6812MINI-E,smt
121.565,-104.18,0.0,bottom,LED75,,,LED_MX_6028R,MX_SK6812MINI-E,smt
140.615,-104.18,0.0,bottom,LED76,,,LED_MX_6028R,MX_SK6812MINI-E,smt
159.665,-104.17,0.0,bottom,LED77,,,LED_MX_6028R,MX_SK6812MINI-E,smt
178.725,-104.17,0.0,bottom,LED78,,,LED_MX_6028R,MX_SK6812MINI-E,smt
197.755,-104.18,0.0,bottom,LED79,,,LED_MX_6028R,MX_SK6812MINI-E,smt
173.935,-27.97,0.0,bottom,LED8,,,LED_MX_6028R,MX_SK6812MINI-E,smt
216.785,-104.18,0.0,bottom,LED80,,,LED_MX_6028R,MX_SK6812MINI-E,smt
235.855,-104.17,0.0,bottom,LED81,,,LED_MX_6028R,MX_SK6812MINI-E,smt
254.9075,-104.17,0.0,bottom,LED82,,,LED_MX_6028R,MX_SK6812MINI-E,smt
281.1075,-104.16,0.0,bottom,LED83,,,LED_MX_6028R,MX_SK6812MINI-E,smt
307.305,-104.18,0.0,bottom,LED84,,,LED_MX_6028R,MX_SK6812MINI-E,smt
326.3075,-104.21,0.0,bottom,LED85,,,LED_MX_6028R,MX_SK6812MINI-E,smt
345.3975,-104.17,0.0,bottom,LED86,,,LED_MX_6028R,MX_SK6812MINI-E,smt
364.465,-104.21,0.0,bottom,LED87,,,LED_MX_6028R,MX_SK6812MINI-E,smt
383.495,-104.22,0.0,bottom,LED88,,,LED_MX_6028R,MX_SK6812MINI-E,smt
42.975,-123.23,0.0,bottom,LED89,,,LED_MX_6028R,MX_SK6812MINI-E,smt
192.985,-27.99,0.0,bottom,LED9,,,LED_MX_6028R,MX_SK6812MINI-E,smt
66.8075,-123.22,0.0,bottom,LED90,,,LED_MX_6028R,MX_SK6812MINI-E,smt
90.595,-123.23,0.0,bottom,LED91,,,LED_MX_6028R,MX_SK6812MINI-E,smt
162.0275,-123.22,0.0,bottom,LED92,,,LED_MX_6028R,MX_SK6812MINI-E,smt
231.145,-123.24,0.0,bottom,LED93,,,LED_MX_6028R,MX_SK6812MINI-E,smt
250.1775,-123.23,0.0,bottom,LED94,,,LED_MX_6028R,MX_SK6812MINI-E,smt
269.2375,-123.19,0.0,bottom,LED95,,,LED_MX_6028R,MX_SK6812MINI-E,smt
288.2575,-123.18,0.0,bottom,LED96,,,LED_MX_6028R,MX_SK6812MINI-E,smt
307.3275,-123.22,0.0,bottom,LED97,,,LED_MX_6028R,MX_SK6812MINI-E,smt
326.3675,-123.22,0.0,bottom,LED98,,,LED_MX_6028R,MX_SK6812MINI-E,smt
345.405,-123.21,0.0,bottom,LED99,,,LED_MX_6028R,MX_SK6812MINI-E,smt
38.1,-38.1,180.0,top,SW1,,,SW_Cherry_MX_1.00u_PCB,SW_Push_45deg,tht
209.55,-38.1,180.0,top,SW10,,,SW_Cherry_MX_1.00u_PCB,SW_Push_45deg,tht
361.95,-133.35,180.0,top,SW100,,,SW_Cherry_MX_1.00u_PCB,SW_Push_45deg,tht
377.0625,-30.16,0.0,top,SW101,,,RotaryEncoder_Alps_EC11E-Switch_Vertical_H20mm,RotaryEncoder_Switch,tht
228.6,-38.1,180.0,top,SW11,,,SW_Cherry_MX_1.00u_PCB,SW_Push_45deg,tht
247.65,-38.1,180.0,top,SW12,,,SW_Cherry_MX_1.00u_PCB,SW_Push_45deg,tht
266.7,-38.1,180.0,top,SW13,,,SW_Cherry_MX_1.00u_PCB,SW_Push_45deg,tht
285.75,-38.1,180.0,top,SW14,,,SW_Cherry_MX_1.00u_PCB,SW_Push_45deg,tht
304.8,-38.1,180.0,top,SW15,,,SW_Cherry_MX_1.00u_PCB,SW_Push_45deg,tht
323.85,-38.1,180.0,top,SW16,,,SW_Cherry_MX_1.00u_PCB,SW_Push_45deg,tht
342.9,-38.1,180.0,top,SW17,,,SW_Cherry_MX_1.00u_PCB,SW_Push_45deg,tht
361.95,-38.1,180.0,top,SW18,,,SW_Cherry_MX_1.00u_PCB,SW_Push_45deg,tht
38.1,-57.15,180.0,top,SW19,,,SW_Cherry_MX_1.00u_PCB,SW_Push_45deg,tht
57.15,-38.1,180.0,top,SW2,,,SW_Cherry_MX_1.00u_PCB,SW_Push_45deg,tht
57.15,-57.15,180.0,top,SW20,,,SW_Cherry_MX_1.00u_PCB,SW_Push_45deg,tht
76.2,-57.15,180.0,top,SW21,,,SW_Cherry_MX_1.00u_PCB,SW_Push_45deg,tht
95.25,-57.15,180.0,top,SW22,,,SW_Cherry_MX_1.00u_PCB,SW_Push_45deg,tht
114.3,-57.15,180.0,top,SW23,,,SW_Cherry_MX_1.00u_PCB,SW_Push_45deg,tht
133.35,-57.15,180.0,top,SW24,,,SW_Cherry_MX_1.00u_PCB,SW_Push_45deg,tht
152.4,-57.15,180.0,top,SW25,,,SW_Cherry_MX_1.00u_PCB,SW_Push_45deg,tht
171.45,-57.15,180.0,top,SW26,,,SW_Cherry_MX_1.00u_PCB,SW_Push_45deg,tht
190.5,-57.15,180.0,top,SW27,,,SW_Cherry_MX_1.00u_PCB,SW_Push_45deg,tht
209.55,-57.15,180.0,top,SW28,,,SW_Cherry_MX_1.00u_PCB,SW_Push_45deg,tht
228.6,-57.15,180.0,top,SW29,,,SW_Cherry_MX_1.00u_PCB,SW_Push_45deg,tht
76.2,-38.1,180.0,top,SW3,,,SW_Cherry_MX_1.00u_PCB,SW_Push_45deg,tht
247.65,-57.15,180.0,top,SW30,,,SW_Cherry_MX_1.00u_PCB,SW_Push_45deg,tht
266.7,-57.15,180.0,top,SW31,,,SW_Cherry_MX_1.00u_PCB,SW_Push_45deg,tht
295.275,-57.15,180.0,top,SW32,,,SW_Cherry_MX_1.00u_PCB,SW_Push_45deg,tht
323.85,-57.15,180.0,top,SW33,,,SW_Cherry_MX_1.00u_PCB,SW_Push_45deg,tht
342.9,-57.15,180.0,top,SW34,,,SW_Cherry_MX_1.00u_PCB,SW_Push_45deg,tht
361.95,-57.15,180.0,top,SW35,,,SW_Cherry_MX_1.00u_PCB,SW_Push_45deg,tht
381.0,-57.15,180.0,top,SW36,,,SW_Cherry_MX_1.00u_PCB,SW_Push_45deg,tht
42.8625,-76.2,180.0,top,SW37,,,SW_Cherry_MX_1.00u_PCB,SW_Push_45deg,tht
66.675,-76.2,180.0,top,SW38,,,SW_Cherry_MX_1.00u_PCB,SW_Push_45deg,tht
85.725,-76.2,180.0,top,SW39,,,SW_Cherry_MX_1.00u_PCB,SW_Push_45deg,tht
95.25,-38.1,180.0,top,SW4,,,SW_Cherry_MX_1.00u_PCB,SW_Push_45deg,tht
104.775,-76.2,180.0,top,SW40,,,SW_Cherry_MX_1.00u_PCB,SW_Push_45deg,tht
123.825,-76.2,180.0,top,SW41,,,SW_Cherry_MX_1.00u_PCB,SW_Push_45deg,tht
142.875,-76.2,180.0,top,SW42,,,SW_Cherry_MX_1.00u_PCB,SW_Push_45deg,tht
161.925,-76.2,180.0,top,SW43,,,SW_Cherry_MX_1.00u_PCB,SW_Push_45deg,tht
180.975,-76.2,180.0,top,SW44,,,SW_Cherry_MX_1.00u_PCB,SW_Push_45deg,tht
200.025,-76.2,180.0,top,SW45,,,SW_Cherry_MX_1.00u_PCB,SW_Push_45deg,tht
219.075,-76.2,180.0,top,SW46,,,SW_Cherry_MX_1.00u_PCB,SW_Push_45deg,tht
238.125,-76.2,180.0,top,SW47,,,SW_Cherry_MX_1.00u_PCB,SW_Push_45deg,tht
257.175,-76.2,180.0,top,SW48,,,SW_Cherry_MX_1.00u_PCB,SW_Push_45deg,tht
276.225,-76.2,180.0,top,SW49,,,SW_Cherry_MX_1.00u_PCB,SW_Push_45deg,tht
114.3,-38.1,180.0,top,SW5,,,SW_Cherry_MX_1.00u_PCB,SW_Push_45deg,tht
300.0375,-76.2,180.0,top,SW50,,,SW_Cherry_MX_1.00u_PCB,SW_Push_45deg,tht
323.85,-76.2,180.0,top,SW51,,,SW_Cherry_MX_1.00u_PCB,SW_Push_45deg,tht
342.9,-76.2,180.0,top,SW52,,,SW_Cherry_MX_1.00u_PCB,SW_Push_45deg,tht
361.95,-76.2,180.0,top,SW53,,,SW_Cherry_MX_1.00u_PCB,SW_Push_45deg,tht
381.0,-76.2,180.0,top,SW54,,,SW_Cherry_MX_1.00u_PCB,SW_Push_45deg,tht
45.2438,-95.25,180.0,top,SW55,,,SW_Cherry_MX_1.00u_PCB,SW_Push_45deg,tht
71.4375,-95.25,180.0,top,SW56,,,SW_Cherry_MX_1.00u_PCB,SW_Push_45deg,tht
90.4875,-95.25,180.0,top,SW57,,,SW_Cherry_MX_1.00u_PCB,SW_Push_45deg,tht
109.5375,-95.25,180.0,top,SW58,,,SW_Cherry_MX_1.00u_PCB,SW_Push_45deg,tht
128.5875,-95.25,180.0,top,SW59,,,SW_Cherry_MX_1.00u_PCB,SW_Push_45deg,tht
133.35,-38.1,180.0,top,SW6,,,SW_Cherry_MX_1.00u_PCB,SW_Push_45deg,tht
147.6375,-95.25,180.0,top,SW60,,,SW_Cherry_MX_1.00u_PCB,SW_Push_45deg,tht
166.6875,-95.25,180.0,top,SW61,,,SW_Cherry_MX_1.00u_PCB,SW_Push_45deg,tht
185.7375,-95.25,180.0,top,SW62,,,SW_Cherry_MX_1.00u_PCB,SW_Push_45deg,tht
204.7875,-95.25,180.0,top,SW63,,,SW_Cherry_MX_1.00u_PCB,SW_Push_45deg,tht
223.8375,-95.25,180.0,top,SW64,,,SW_Cherry_MX_1.00u_PCB,SW_Push_45deg,tht
242.8875,-95.25,180.0,top,SW65,,,SW_Cherry_MX_1.00u_PCB,SW_Push_45deg,tht
261.9375,-95.25,180.0,top,SW66,,,SW_Cherry_MX_1.00u_PCB,SW_Push_45deg,tht
292.8938,-95.25,180.0,top,SW67,,,SW_Cherry_MX_1.00u_PCB,SW_Push_45deg,tht
323.85,-95.25,180.0,top,SW68,,,SW_Cherry_MX_1.00u_PCB,SW_Push_45deg,tht
342.9,-95.25,180.0,top,SW69,,,SW_Cherry_MX_1.00u_PCB,SW_Push_45deg,tht
152.4,-38.1,180.0,top,SW7,,,SW_Cherry_MX_1.00u_PCB,SW_Push_45deg,tht
361.95,-95.25,180.0,top,SW70,,,SW_Cherry_MX_1.00u_PCB,SW_Push_45deg,tht
381.0,-95.25,180.0,top,SW71,,,SW_Cherry_MX_1.00u_PCB,SW_Push_45deg,tht
50.0063,-114.3,180.0,top,SW72,,,SW_Cherry_MX_1.00u_PCB,SW_Push_45deg,tht
80.9625,-114.3,180.0,top,SW73,,,SW_Cherry_MX_1.00u_PCB,SW_Push_45deg,tht
100.0125,-114.3,180.0,top,SW74,,,SW_Cherry_MX_1.00u_PCB,SW_Push_45deg,tht
119.0625,-114.3,180.0,top,SW75,,,SW_Cherry_MX_1.00u_PCB,SW_Push_45deg,tht
138.1125,-114.3,180.0,top,SW76,,,SW_Cherry_MX_1.00u_PCB,SW_Push_45deg,tht
157.1625,-114.3,180.0,top,SW77,,,SW_Cherry_MX_1.00u_PCB,SW_Push_45deg,tht
176.2125,-114.3,180.0,top,SW78,,,SW_Cherry_MX_1.00u_PCB,SW_Push_45deg,tht
195.2625,-114.3,180.0,top,SW79,,,SW_Cherry_MX_1.00u_PCB,SW_Push_45deg,tht
171.45,-38.1,180.0,top,SW8,,,SW_Cherry_MX_1.00u_PCB,SW_Push_45deg,tht
214.3125,-114.3,180.0,top,SW80,,,SW_Cherry_MX_1.00u_PCB,SW_Push_45deg,tht
233.3625,-114.3,180.0,top,SW81,,,SW_Cherry_MX_1.00u_PCB,SW_Push_45deg,tht
252.4125,-114.3,180.0,top,SW82,,,SW_Cherry_MX_1.00u_PCB,SW_Push_45deg,tht
278.6063,-114.3,180.0,top,SW83,,,SW_Cherry_MX_1.00u_PCB,SW_Push_45deg,tht
304.8,-114.3,180.0,top,SW84,,,SW_Cherry_MX_1.00u_PCB,SW_Push_45deg,tht
323.85,-114.3,180.0,top,SW85,,,SW_Cherry_MX_1.00u_PCB,SW_Push_45deg,tht
342.9,-114.3,180.0,top,SW86,,,SW_Cherry_MX_1.00u_PCB,SW_Push_45deg,tht
361.95,-114.3,180.0,top,SW87,,,SW_Cherry_MX_1.00u_PCB,SW_Push_45deg,tht
381.0,-114.3,180.0,top,SW88,,,SW_Cherry_MX_1.00u_PCB,SW_Push_45deg,tht
40.4813,-133.35,180.0,top,SW89,,,SW_Cherry_MX_1.00u_PCB,SW_Push_45deg,tht
190.5,-38.1,180.0,top,SW9,,,SW_Cherry_MX_1.00u_PCB,SW_Push_45deg,tht
64.2938,-133.35,180.0,top,SW90,,,SW_Cherry_MX_1.00u_PCB,SW_Push_45deg,tht
88.1063,-133.35,180.0,top,SW91,,,SW_Cherry_MX_1.00u_PCB,SW_Push_45deg,tht
159.5438,-133.35,180.0,top,SW92,,,SW_Cherry_MX_1.00u_PCB,SW_Push_45deg,tht
228.6,-133.35,180.0,top,SW93,,,SW_Cherry_MX_1.00u_PCB,SW_Push_45deg,tht
247.65,-133.35,180.0,top,SW94,,,SW_Cherry_MX_1.00u_PCB,SW_Push_45deg,tht
266.7,-133.35,180.0,top,SW95,,,SW_Cherry_MX_1.00u_PCB,SW_Push_45deg,tht
285.75,-133.35,180.0,top,SW96,,,SW_Cherry_MX_1.00u_PCB,SW_Push_45deg,tht
304.8,-133.35,180.0,top,SW97,,,SW_Cherry_MX_1.00u_PCB,SW_Push_45deg,tht
323.85,-133.35,180.0,top,SW98,,,SW_Cherry_MX_1.00u_PCB,SW_Push_45deg,tht
342.9,-133.35,180.0,top,SW99,,,SW_Cherry_MX_1.00u_PCB,SW_Push_45deg,tht
